<KicadtoNgspice><source><v1 name="Source type">pulse<field1 name="Initial Value">0</field1><field2 name="Pulse Value">5</field2><field3 name="Delay Time" /><field4 name="Rise Time" /><field5 name="Fall Time" /><field5 name="Pulse width">2m</field5><field5 name="Period">4m</field5></v1><v2 name="Source type">pulse<field1 name="Initial Value">0</field1><field2 name="Pulse Value">5</field2><field3 name="Delay Time" /><field4 name="Rise Time" /><field5 name="Fall Time" /><field5 name="Pulse width">40m</field5><field5 name="Period">40m</field5></v2><v3 name="Source type">pulse<field1 name="Initial Value">0</field1><field2 name="Pulse Value">0</field2><field3 name="Delay Time" /><field4 name="Rise Time" /><field5 name="Fall Time" /><field5 name="Pulse width">40m</field5><field5 name="Period">40m</field5></v3><v4 name="Source type">pulse<field1 name="Initial Value">0</field1><field2 name="Pulse Value">5</field2><field3 name="Delay Time">0.3m</field3><field4 name="Rise Time" /><field5 name="Fall Time" /><field5 name="Pulse width">1m</field5><field5 name="Period">2m</field5></v4><v5 name="Source type">pulse<field1 name="Initial Value">5</field1><field2 name="Pulse Value">0</field2><field3 name="Delay Time">3m</field3><field4 name="Rise Time" /><field5 name="Fall Time" /><field5 name="Pulse width">40m</field5><field5 name="Period">40m</field5></v5></source><model><u9 name="type">elavarasanp002_dff<field1 name="Enter Rise Delay (default=1.0e-9)" /><field2 name="Enter Fall Delay (default=1.0e-9)" /><field3 name="Enter Input Load (default=1.0e-12)" /><field4 name="Enter Instance ID (Between 0-99)" /></u9><u4 name="type">elavarasanp002_mux<field5 name="Enter Rise Delay (default=1.0e-9)" /><field6 name="Enter Fall Delay (default=1.0e-9)" /><field7 name="Enter Input Load (default=1.0e-12)" /><field8 name="Enter Instance ID (Between 0-99)" /></u4><u6 name="type">adc_bridge<field9 name="Enter value for in_low (default=1.0)">0.5</field9><field10 name="Enter value for in_high (default=2.0)">0.5</field10><field11 name="Enter Rise Delay (default=1.0e-9)" /><field12 name="Enter Fall Delay (default=1.0e-9)" /></u6><u8 name="type">adc_bridge<field13 name="Enter value for in_low (default=1.0)">-0.5</field13><field14 name="Enter value for in_high (default=2.0)">-0.5</field14><field15 name="Enter Rise Delay (default=1.0e-9)" /><field16 name="Enter Fall Delay (default=1.0e-9)" /></u8><u7 name="type">adc_bridge<field17 name="Enter value for in_low (default=1.0)" /><field18 name="Enter value for in_high (default=2.0)" /><field19 name="Enter Rise Delay (default=1.0e-9)" /><field20 name="Enter Fall Delay (default=1.0e-9)" /></u7><u11 name="type">dac_bridge<field21 name="Enter value for out_low (default=0.0)" /><field22 name="Enter value for out_high (default=5.0)" /><field23 name="Enter value for out_undef (default=0.5)" /><field24 name="Enter value for input load (default=1.0e-12)" /><field25 name="Enter the Rise Time (default=1.0e-9)" /><field26 name="Enter the Fall Time (default=1.0e-9)" /></u11><u10 name="type">adc_bridge<field27 name="Enter value for in_low (default=1.0)" /><field28 name="Enter value for in_high (default=2.0)" /><field29 name="Enter Rise Delay (default=1.0e-9)" /><field30 name="Enter Fall Delay (default=1.0e-9)" /></u10><u13 name="type">adc_bridge<field31 name="Enter value for in_low (default=1.0)" /><field32 name="Enter value for in_high (default=2.0)" /><field33 name="Enter Rise Delay (default=1.0e-9)" /><field34 name="Enter Fall Delay (default=1.0e-9)" /></u13><u15 name="type">adc_bridge<field35 name="Enter value for in_low (default=1.0)" /><field36 name="Enter value for in_high (default=2.0)" /><field37 name="Enter Rise Delay (default=1.0e-9)" /><field38 name="Enter Fall Delay (default=1.0e-9)" /></u15><u14 name="type">adc_bridge<field39 name="Enter value for in_low (default=1.0)" /><field40 name="Enter value for in_high (default=2.0)" /><field41 name="Enter Rise Delay (default=1.0e-9)" /><field42 name="Enter Fall Delay (default=1.0e-9)" /></u14><u15 name="type">d_inverter<field39 name="Enter Rise Delay (default=1.0e-9)" /><field40 name="Enter Fall Delay (default=1.0e-9)" /><field41 name="Enter Input Load (default=1.0e-12)" /></u15><u4 name="type">elavarasanp002_4x1_mux<field38 name="Enter Rise Delay (default=1.0e-9)" /><field39 name="Enter Fall Delay (default=1.0e-9)" /><field40 name="Enter Input Load (default=1.0e-12)" /><field41 name="Enter Instance ID (Between 0-99)" /></u4></model><devicemodel><d1><field>/home/elavarasanp002/eSim/library/deviceModelLibrary/Diode/D.lib</field></d1><d2><field>/home/elavarasanp002/eSim/library/deviceModelLibrary/Diode/D.lib</field></d2></devicemodel><subcircuit /><analysis><ac><field1 name="Lin">true</field1><field2 name="Dec">false</field2><field3 name="Oct">false</field3><field4 name="Start Frequency" /><field5 name="Stop Frequency" /><field6 name="No. of points" /><field7 name="Start Fre Combo">Hz</field7><field8 name="Stop Fre Combo">Hz</field8></ac><dc><field1 name="Source 1" /><field2 name="Start" /><field3 name="Increment" /><field4 name="Stop" /><field5 name="Operating Point">0</field5><field6 name="Start Combo">Volts or Amperes</field6><field7 name="Increment Combo">Volts or Amperes</field7><field8 name="Stop Combo">Volts or Amperes</field8><field9 name="Source 2" /><field10 name="Start" /><field11 name="Increment" /><field12 name="Stop" /><field13 name="Start Combo">Volts or Amperes</field13><field14 name="Increment Combo">Volts or Amperes</field14><field15 name="Stop Combo">Volts or Amperes</field15></dc><tran><field1 name="Start Time">0</field1><field2 name="Step Time">0.01</field2><field3 name="Stop Time">40</field3><field4 name="Start Combo">ms</field4><field5 name="Step Combo">ms</field5><field6 name="Stop Combo">ms</field6></tran></analysis></KicadtoNgspice>